transaction_id,card_id,timestamp,amount,merchant_category,country,card_present,is_fraud
txn_0000000,card_00672,2026-01-20T17:29:57Z,151.42,fuel,SG,True,False
txn_0000001,card_00296,2026-01-24T19:37:40Z,791.91,fuel,SG,False,False
txn_0000002,card_00557,2026-01-15T20:49:19Z,76.39,electronics,AE,False,False
txn_0000003,card_00506,2026-01-08T12:10:32Z,305.69,pharmacy,US,False,False
txn_0000004,card_00016,2026-01-28T01:24:41Z,162.37,utilities,US,True,False
txn_0000005,card_00346,2026-01-04T14:32:36Z,71.18,atm_withdrawal,DE,True,False
txn_0000006,card_00308,2026-01-15T08:16:54Z,15.4,utilities,US,True,False
txn_0000007,card_00331,2026-01-11T21:58:01Z,108.76,entertainment,AE,False,False
txn_0000008,card_00569,2026-01-10T03:26:29Z,44.25,electronics,AE,True,False
txn_0000009,card_00513,2026-01-27T00:47:23Z,78.02,grocery,DE,True,False
txn_0000010,card_00194,2026-01-03T13:49:05Z,315.8,restaurant,IN,False,False
txn_0000011,card_00571,2026-01-23T23:05:16Z,35.85,atm_withdrawal,GB,False,False
txn_0000012,card_00874,2026-01-01T07:03:24Z,65.11,fuel,US,False,False
txn_0000013,card_00044,2026-01-06T08:54:30Z,11.45,fuel,SG,False,False
txn_0000014,card_00091,2026-01-30T22:49:22Z,299.98,fuel,DE,False,False
txn_0000015,card_00577,2026-01-26T16:16:39Z,98.16,atm_withdrawal,GB,True,False
txn_0000016,card_00469,2026-01-23T18:37:40Z,313.4,fuel,SG,True,False
txn_0000017,card_00631,2026-01-12T20:05:20Z,268.74,utilities,GB,True,False
txn_0000018,card_00033,2026-01-15T18:36:18Z,106.85,entertainment,IN,True,False
txn_0000019,card_00225,2026-01-13T02:10:09Z,10.41,grocery,IN,True,False
txn_0000020,card_00545,2026-01-21T10:22:54Z,95.95,online_retail,US,False,False
txn_0000021,card_00704,2026-01-15T19:41:31Z,12.87,electronics,IN,True,False
txn_0000022,card_00370,2026-01-28T06:19:32Z,74.23,grocery,DE,False,False
txn_0000023,card_00539,2026-01-12T13:26:34Z,104.94,travel,DE,False,False
txn_0000024,card_00424,2026-01-26T21:32:21Z,26.04,restaurant,DE,True,False
txn_0000025,card_00589,2026-01-20T11:52:17Z,10.53,atm_withdrawal,DE,True,False
txn_0000026,card_00360,2026-01-12T04:19:40Z,31.18,pharmacy,IN,False,False
txn_0000027,card_00456,2026-01-02T19:34:50Z,273.46,grocery,SG,True,False
txn_0000028,card_00084,2026-01-10T07:21:45Z,20.58,atm_withdrawal,GB,False,False
txn_0000029,card_00500,2026-01-26T11:25:31Z,48.75,grocery,AE,False,False
txn_0000030,card_00569,2026-01-30T06:39:37Z,29.98,electronics,US,True,False
txn_0000031,card_00181,2026-01-19T00:32:34Z,112.76,electronics,SG,False,False
txn_0000032,card_00566,2026-01-10T11:23:08Z,59.24,fuel,SG,True,False
txn_0000033,card_00178,2026-01-04T02:01:30Z,135.76,atm_withdrawal,US,True,False
txn_0000034,card_00234,2026-01-02T16:06:42Z,407.59,restaurant,IN,True,True
txn_0000035,card_00219,2026-01-24T21:55:26Z,5.54,restaurant,SG,False,False
txn_0000036,card_00187,2026-01-23T22:02:23Z,42.01,pharmacy,IN,False,False
txn_0000037,card_00586,2026-01-12T22:27:57Z,55.43,restaurant,IN,False,False
txn_0000038,card_00436,2026-01-20T16:52:17Z,17.78,grocery,GB,True,False
txn_0000039,card_00305,2026-01-06T03:32:48Z,182.41,travel,SG,True,False
txn_0000040,card_00449,2026-01-29T22:38:21Z,149.71,fuel,GB,False,False
txn_0000041,card_00714,2026-01-25T17:08:03Z,37.33,pharmacy,DE,True,False
txn_0000042,card_00205,2026-01-02T05:41:51Z,67.03,entertainment,IN,True,False
txn_0000043,card_00504,2026-01-03T01:13:57Z,218.6,fuel,GB,False,False
txn_0000044,card_00037,2026-01-04T20:31:12Z,52.98,online_retail,GB,True,False
txn_0000045,card_00889,2026-01-21T16:11:06Z,221.43,utilities,US,False,False
txn_0000046,card_00444,2026-01-30T17:09:32Z,10.76,utilities,GB,True,False
txn_0000047,card_00173,2026-01-08T06:15:31Z,193.31,electronics,AE,True,True
txn_0000048,card_00835,2026-01-15T15:56:30Z,22.32,fuel,SG,False,False
txn_0000049,card_00310,2026-01-17T07:00:05Z,89.43,grocery,GB,False,False
txn_0000050,card_00581,2026-01-27T04:52:15Z,65.13,fuel,DE,False,False
txn_0000051,card_00211,2026-01-19T01:30:17Z,166.56,restaurant,AE,False,False
txn_0000052,card_00631,2026-01-18T19:37:05Z,21.74,restaurant,IN,False,False
txn_0000053,card_00089,2026-01-18T15:52:13Z,53.58,utilities,DE,True,False
txn_0000054,card_00632,2026-01-11T05:49:04Z,11.94,fuel,DE,True,False
txn_0000055,card_00898,2026-01-22T17:40:42Z,92.55,electronics,SG,False,False
txn_0000056,card_00305,2026-01-08T18:06:48Z,90.88,entertainment,SG,True,False
txn_0000057,card_00063,2026-01-05T12:59:24Z,56.9,restaurant,SG,True,False
txn_0000058,card_00130,2026-01-29T18:58:14Z,77.8,restaurant,US,True,False
txn_0000059,card_00240,2026-01-24T18:06:31Z,35.18,entertainment,AE,False,False
txn_0000060,card_00454,2026-01-05T06:44:49Z,218.54,restaurant,AE,True,False
txn_0000061,card_00573,2026-01-14T13:39:50Z,98.75,utilities,SG,False,False
txn_0000062,card_00621,2026-01-29T17:00:40Z,160.28,entertainment,DE,True,False
txn_0000063,card_00012,2026-01-22T18:23:49Z,64.92,fuel,AE,True,False
txn_0000064,card_00216,2026-01-19T05:09:52Z,760.39,utilities,SG,False,False
txn_0000065,card_00540,2026-01-29T18:44:11Z,100.74,pharmacy,DE,True,False
txn_0000066,card_00750,2026-01-02T08:25:56Z,85.42,restaurant,US,False,False
txn_0000067,card_00568,2026-01-22T02:09:57Z,43.97,online_retail,SG,False,False
txn_0000068,card_00389,2026-01-30T17:14:49Z,9.37,electronics,US,False,False
txn_0000069,card_00462,2026-01-25T04:03:37Z,101.27,utilities,DE,True,False
txn_0000070,card_00082,2026-01-01T22:39:24Z,56.99,grocery,SG,True,False
txn_0000071,card_00014,2026-01-29T17:58:07Z,472.18,grocery,US,True,False
txn_0000072,card_00788,2026-01-01T13:37:13Z,48.15,online_retail,AE,True,False
txn_0000073,card_00496,2026-01-30T10:30:09Z,108.82,online_retail,GB,False,False
txn_0000074,card_00756,2026-01-15T16:47:53Z,6.54,fuel,AE,True,False
txn_0000075,card_00493,2026-01-04T07:42:23Z,41.62,restaurant,SG,True,False
txn_0000076,card_00401,2026-01-17T20:22:53Z,167.61,utilities,GB,True,False
txn_0000077,card_00593,2026-01-25T02:50:56Z,63.66,online_retail,SG,True,False
txn_0000078,card_00894,2026-01-08T21:23:00Z,6.21,restaurant,AE,True,False
txn_0000079,card_00703,2026-01-06T10:56:36Z,45.99,entertainment,US,False,False
txn_0000080,card_00448,2026-01-03T19:14:46Z,59.44,utilities,GB,True,False
txn_0000081,card_00277,2026-01-18T03:11:28Z,92.23,entertainment,SG,True,False
txn_0000082,card_00248,2026-01-20T21:39:28Z,12.52,grocery,US,False,False
txn_0000083,card_00367,2026-01-29T10:27:07Z,141.99,travel,DE,True,False
txn_0000084,card_00844,2026-01-02T15:35:05Z,57.01,electronics,IN,False,False
txn_0000085,card_00445,2026-01-16T15:33:35Z,15.79,electronics,GB,False,False
txn_0000086,card_00089,2026-01-15T20:40:11Z,29.89,grocery,IN,False,False
txn_0000087,card_00847,2026-01-16T13:40:14Z,236.79,entertainment,DE,True,False
txn_0000088,card_00061,2026-01-17T12:42:21Z,35.49,entertainment,GB,True,False
txn_0000089,card_00125,2026-01-12T04:47:16Z,175.27,electronics,AE,True,False
txn_0000090,card_00415,2026-01-16T01:05:20Z,44.5,fuel,SG,False,False
txn_0000091,card_00732,2026-01-01T15:51:02Z,90.1,restaurant,GB,False,False
txn_0000092,card_00580,2026-01-24T13:11:54Z,368.16,entertainment,DE,False,False
txn_0000093,card_00888,2026-01-27T06:54:21Z,146.05,atm_withdrawal,DE,False,False
txn_0000094,card_00547,2026-01-23T12:44:43Z,14.29,grocery,US,False,False
txn_0000095,card_00347,2026-01-11T08:52:48Z,38.1,utilities,DE,True,False
txn_0000096,card_00808,2026-01-09T06:58:28Z,128.91,fuel,SG,True,False
txn_0000097,card_00505,2026-01-06T03:48:14Z,64.63,fuel,IN,True,False
txn_0000098,card_00373,2026-01-17T02:32:03Z,42.02,pharmacy,IN,True,False
txn_0000099,card_00653,2026-01-19T11:24:00Z,177.3,restaurant,DE,True,False
txn_0000100,card_00131,2026-01-26T17:09:02Z,325.2,grocery,DE,True,True
txn_0000101,card_00451,2026-01-08T08:35:20Z,29.7,fuel,US,False,False
txn_0000102,card_00453,2026-01-29T22:07:55Z,188.87,online_retail,IN,True,False
txn_0000103,card_00759,2026-01-30T05:19:49Z,28.43,pharmacy,US,True,False
txn_0000104,card_00301,2026-01-01T22:13:08Z,189.64,utilities,US,True,False
txn_0000105,card_00090,2026-01-05T15:35:33Z,20.21,utilities,IN,True,False
txn_0000106,card_00019,2026-01-12T03:42:50Z,9.07,grocery,SG,False,False
txn_0000107,card_00268,2026-01-07T22:45:40Z,100.87,grocery,GB,True,False
txn_0000108,card_00149,2026-01-04T18:48:42Z,49.6,pharmacy,US,False,False
txn_0000109,card_00194,2026-01-02T15:05:53Z,192.0,electronics,SG,False,False
txn_0000110,card_00390,2026-01-23T10:01:33Z,28.73,online_retail,US,True,False
txn_0000111,card_00808,2026-01-05T06:32:18Z,200.49,atm_withdrawal,SG,True,False
txn_0000112,card_00582,2026-01-17T09:27:48Z,86.82,restaurant,DE,False,False
txn_0000113,card_00119,2026-01-22T02:46:25Z,844.65,entertainment,DE,False,True
txn_0000114,card_00416,2026-01-28T10:56:14Z,5.47,electronics,IN,True,False
txn_0000115,card_00842,2026-01-24T14:45:27Z,4.52,utilities,US,False,False
txn_0000116,card_00598,2026-01-29T15:15:40Z,367.35,entertainment,US,False,False
txn_0000117,card_00433,2026-01-17T14:52:00Z,57.44,entertainment,DE,True,False
txn_0000118,card_00501,2026-01-30T16:29:19Z,24.02,fuel,IN,False,False
txn_0000119,card_00622,2026-01-20T13:18:32Z,60.87,electronics,DE,True,False
txn_0000120,card_00802,2026-01-15T15:25:39Z,55.92,pharmacy,DE,True,False
txn_0000121,card_00101,2026-01-07T14:48:24Z,51.41,restaurant,DE,True,False
txn_0000122,card_00184,2026-01-07T03:18:44Z,84.84,travel,AE,False,False
txn_0000123,card_00404,2026-01-01T04:36:06Z,43.46,grocery,SG,True,False
txn_0000124,card_00765,2026-01-11T13:35:52Z,278.11,atm_withdrawal,AE,False,False
txn_0000125,card_00051,2026-01-10T08:58:47Z,17.2,travel,GB,False,False
txn_0000126,card_00877,2026-01-20T22:07:21Z,238.56,utilities,IN,True,False
txn_0000127,card_00118,2026-01-03T03:20:29Z,45.38,online_retail,SG,False,False
txn_0000128,card_00475,2026-01-04T17:21:50Z,39.14,online_retail,DE,True,False
txn_0000129,card_00710,2026-01-04T11:14:24Z,107.13,travel,IN,True,False
txn_0000130,card_00644,2026-01-30T22:42:46Z,120.53,pharmacy,AE,True,False
txn_0000131,card_00369,2026-01-26T19:42:57Z,53.5,grocery,US,True,False
txn_0000132,card_00733,2026-01-26T08:15:33Z,67.26,restaurant,DE,True,False
txn_0000133,card_00355,2026-01-06T21:16:53Z,121.62,fuel,GB,False,False
txn_0000134,card_00694,2026-01-28T14:36:57Z,27.21,restaurant,DE,False,False
txn_0000135,card_00640,2026-01-11T04:18:56Z,58.39,online_retail,DE,False,False
txn_0000136,card_00740,2026-01-24T17:58:47Z,19.14,entertainment,IN,False,False
txn_0000137,card_00842,2026-01-30T21:02:57Z,48.4,electronics,IN,True,False
txn_0000138,card_00217,2026-01-11T02:30:08Z,23.1,restaurant,IN,False,False
txn_0000139,card_00659,2026-01-07T03:38:18Z,13.86,pharmacy,AE,True,False
txn_0000140,card_00144,2026-01-27T04:46:45Z,220.43,utilities,DE,True,False
txn_0000141,card_00046,2026-01-05T03:23:17Z,7.34,atm_withdrawal,SG,False,False
txn_0000142,card_00876,2026-01-10T23:57:57Z,11.76,online_retail,SG,True,False
txn_0000143,card_00317,2026-01-06T11:05:01Z,6.38,electronics,DE,False,False
txn_0000144,card_00657,2026-01-03T01:56:52Z,620.67,grocery,DE,False,False
txn_0000145,card_00384,2026-01-07T06:16:16Z,7.04,pharmacy,GB,True,False
txn_0000146,card_00032,2026-01-24T07:13:59Z,94.85,utilities,IN,False,False
txn_0000147,card_00302,2026-01-19T03:04:25Z,37.4,atm_withdrawal,GB,True,False
txn_0000148,card_00829,2026-01-22T21:59:57Z,122.48,restaurant,US,False,True
txn_0000149,card_00557,2026-01-15T10:36:18Z,434.88,online_retail,DE,False,False
txn_0000150,card_00676,2026-01-28T11:07:12Z,71.6,travel,DE,True,False
txn_0000151,card_00311,2026-01-12T21:21:49Z,243.52,fuel,AE,True,False
txn_0000152,card_00327,2026-01-29T12:31:35Z,23.53,travel,AE,True,False
txn_0000153,card_00062,2026-01-01T10:02:10Z,95.61,pharmacy,SG,False,False
txn_0000154,card_00124,2026-01-03T04:12:14Z,159.39,utilities,US,False,False
txn_0000155,card_00031,2026-01-23T02:25:02Z,161.74,online_retail,SG,True,False
txn_0000156,card_00661,2026-01-26T15:44:14Z,50.42,entertainment,IN,False,False
txn_0000157,card_00560,2026-01-30T19:47:03Z,71.36,grocery,AE,False,False
txn_0000158,card_00199,2026-01-08T16:39:27Z,160.53,atm_withdrawal,IN,False,False
txn_0000159,card_00839,2026-01-15T06:42:34Z,174.43,pharmacy,DE,True,False
txn_0000160,card_00637,2026-01-07T06:53:21Z,35.89,restaurant,US,True,False
txn_0000161,card_00833,2026-01-25T16:44:20Z,88.08,online_retail,DE,False,False
txn_0000162,card_00298,2026-01-21T21:27:55Z,254.95,pharmacy,AE,True,False
txn_0000163,card_00238,2026-01-13T03:21:39Z,2554.18,grocery,AE,False,False
txn_0000164,card_00516,2026-01-17T18:09:05Z,57.98,grocery,IN,False,False
txn_0000165,card_00452,2026-01-07T10:27:11Z,27.27,utilities,AE,True,False
txn_0000166,card_00099,2026-01-22T13:03:30Z,10.55,utilities,DE,False,False
txn_0000167,card_00463,2026-01-09T15:22:07Z,87.95,restaurant,SG,True,False
txn_0000168,card_00408,2026-01-09T21:32:35Z,148.56,grocery,SG,False,True
txn_0000169,card_00543,2026-01-28T22:28:36Z,168.35,electronics,AE,True,False
txn_0000170,card_00048,2026-01-15T14:23:26Z,404.16,atm_withdrawal,US,True,False
txn_0000171,card_00006,2026-01-24T19:22:07Z,1334.2,pharmacy,US,True,False
txn_0000172,card_00778,2026-01-24T02:53:37Z,98.08,restaurant,AE,True,False
txn_0000173,card_00256,2026-01-06T18:15:54Z,65.23,online_retail,DE,False,False
txn_0000174,card_00176,2026-01-14T18:48:35Z,23.58,pharmacy,GB,False,False
txn_0000175,card_00648,2026-01-05T09:48:08Z,19.61,pharmacy,AE,True,False
txn_0000176,card_00627,2026-01-17T18:47:05Z,48.22,atm_withdrawal,DE,True,False
txn_0000177,card_00445,2026-01-05T13:54:20Z,23.91,travel,US,True,False
txn_0000178,card_00318,2026-01-28T01:38:10Z,67.29,atm_withdrawal,US,False,False
txn_0000179,card_00086,2026-01-15T00:32:10Z,279.69,electronics,GB,True,False
txn_0000180,card_00234,2026-01-11T23:06:45Z,10.8,restaurant,SG,False,False
txn_0000181,card_00732,2026-01-29T19:24:39Z,7.32,pharmacy,SG,True,False
txn_0000182,card_00053,2026-01-12T18:39:10Z,168.06,entertainment,GB,True,False
txn_0000183,card_00352,2026-01-16T08:48:17Z,22.6,fuel,IN,True,False
txn_0000184,card_00746,2026-01-30T09:57:33Z,41.14,pharmacy,GB,False,False
txn_0000185,card_00147,2026-01-19T08:31:45Z,261.49,fuel,IN,False,False
txn_0000186,card_00677,2026-01-18T11:37:23Z,8.44,restaurant,US,True,False
txn_0000187,card_00401,2026-01-19T08:43:06Z,32.09,fuel,DE,False,False
txn_0000188,card_00438,2026-01-18T02:28:18Z,37.99,utilities,GB,False,False
txn_0000189,card_00243,2026-01-04T10:43:27Z,64.13,atm_withdrawal,DE,False,False
txn_0000190,card_00204,2026-01-14T17:35:10Z,46.56,utilities,AE,False,False
txn_0000191,card_00678,2026-01-24T20:27:52Z,20.0,atm_withdrawal,DE,False,False
txn_0000192,card_00038,2026-01-27T23:29:39Z,87.47,fuel,US,True,False
txn_0000193,card_00078,2026-01-17T09:35:45Z,481.6,online_retail,AE,False,False
txn_0000194,card_00701,2026-01-18T13:25:00Z,9.67,restaurant,IN,True,False
txn_0000195,card_00747,2026-01-05T07:07:14Z,554.78,utilities,AE,True,False
txn_0000196,card_00767,2026-01-07T12:01:47Z,64.73,grocery,DE,True,False
txn_0000197,card_00122,2026-01-30T11:05:46Z,34.24,electronics,SG,True,False
txn_0000198,card_00869,2026-01-10T01:01:31Z,31.26,pharmacy,SG,True,False
txn_0000199,card_00545,2026-01-28T13:28:20Z,176.0,fuel,GB,True,False
txn_0000200,card_00879,2026-01-25T20:25:32Z,23.12,atm_withdrawal,AE,True,False
txn_0000201,card_00863,2026-01-11T18:59:27Z,695.75,entertainment,GB,False,False
txn_0000202,card_00119,2026-01-11T08:02:47Z,67.83,grocery,SG,False,False
txn_0000203,card_00747,2026-01-25T08:58:09Z,68.38,electronics,AE,True,False
txn_0000204,card_00343,2026-01-11T00:19:44Z,126.79,travel,US,True,False
txn_0000205,card_00741,2026-01-21T04:32:32Z,19.12,fuel,AE,True,False
txn_0000206,card_00728,2026-01-01T17:31:41Z,19.19,online_retail,IN,True,False
txn_0000207,card_00320,2026-01-25T05:07:32Z,187.58,pharmacy,GB,True,False
txn_0000208,card_00867,2026-01-04T21:39:02Z,706.24,entertainment,GB,True,False
txn_0000209,card_00442,2026-01-08T15:49:55Z,28.9,grocery,IN,False,False
txn_0000210,card_00256,2026-01-09T18:18:36Z,18.89,entertainment,GB,True,False
txn_0000211,card_00094,2026-01-12T20:17:34Z,67.63,pharmacy,GB,False,False
txn_0000212,card_00066,2026-01-02T04:06:58Z,8.19,online_retail,DE,True,False
txn_0000213,card_00797,2026-01-02T00:36:55Z,135.55,online_retail,AE,True,False
txn_0000214,card_00668,2026-01-15T02:08:33Z,35.98,travel,DE,True,False
txn_0000215,card_00654,2026-01-06T00:29:31Z,95.59,entertainment,DE,True,False
txn_0000216,card_00008,2026-01-26T18:02:58Z,499.84,grocery,GB,False,False
txn_0000217,card_00459,2026-01-19T21:06:09Z,66.46,restaurant,SG,True,False
txn_0000218,card_00388,2026-01-29T03:35:05Z,57.46,electronics,IN,False,False
txn_0000219,card_00704,2026-01-21T22:42:56Z,122.2,grocery,SG,False,False
txn_0000220,card_00228,2026-01-16T14:59:47Z,68.55,atm_withdrawal,US,True,False
txn_0000221,card_00676,2026-01-01T14:11:49Z,75.43,utilities,SG,True,False
txn_0000222,card_00835,2026-01-20T13:38:10Z,91.52,fuel,DE,True,False
txn_0000223,card_00018,2026-01-26T06:57:35Z,485.41,atm_withdrawal,AE,True,False
txn_0000224,card_00542,2026-01-20T23:37:18Z,128.63,entertainment,IN,True,False
txn_0000225,card_00380,2026-01-25T18:39:28Z,149.0,utilities,DE,True,False
txn_0000226,card_00146,2026-01-30T15:47:29Z,96.49,atm_withdrawal,IN,True,False
txn_0000227,card_00859,2026-01-07T11:11:52Z,347.7,entertainment,US,False,False
txn_0000228,card_00550,2026-01-03T23:58:55Z,23.09,fuel,IN,True,False
txn_0000229,card_00765,2026-01-18T04:33:22Z,17.55,atm_withdrawal,AE,False,False
txn_0000230,card_00330,2026-01-04T03:09:58Z,9.38,utilities,SG,True,False
txn_0000231,card_00891,2026-01-13T19:07:50Z,300.12,fuel,US,False,False
txn_0000232,card_00590,2026-01-12T02:31:12Z,41.62,fuel,AE,True,False
txn_0000233,card_00543,2026-01-13T04:24:09Z,226.55,travel,IN,False,False
txn_0000234,card_00461,2026-01-13T03:59:38Z,138.27,atm_withdrawal,US,True,False
txn_0000235,card_00235,2026-01-06T20:01:14Z,109.75,utilities,SG,False,True
txn_0000236,card_00887,2026-01-15T07:58:14Z,387.84,pharmacy,IN,True,True
txn_0000237,card_00246,2026-01-07T12:29:18Z,297.04,atm_withdrawal,DE,True,False
txn_0000238,card_00685,2026-01-18T03:49:10Z,68.83,online_retail,DE,True,False
txn_0000239,card_00537,2026-01-13T13:56:19Z,67.23,pharmacy,DE,True,False
txn_0000240,card_00664,2026-01-07T16:41:52Z,19.38,grocery,SG,False,False
txn_0000241,card_00546,2026-01-10T08:49:07Z,147.73,atm_withdrawal,US,False,True
txn_0000242,card_00084,2026-01-16T20:05:23Z,45.61,restaurant,AE,False,False
txn_0000243,card_00359,2026-01-12T01:52:01Z,149.5,online_retail,GB,True,False
txn_0000244,card_00189,2026-01-02T02:30:20Z,27.02,atm_withdrawal,SG,True,False
txn_0000245,card_00472,2026-01-18T21:12:07Z,31.61,atm_withdrawal,AE,False,False
txn_0000246,card_00716,2026-01-09T15:18:41Z,73.58,utilities,IN,False,False
txn_0000247,card_00882,2026-01-28T15:24:14Z,565.54,online_retail,US,True,False
txn_0000248,card_00819,2026-01-08T05:16:45Z,30.5,online_retail,SG,False,False
txn_0000249,card_00894,2026-01-16T19:31:17Z,101.11,pharmacy,SG,True,False
txn_0000250,card_00108,2026-01-27T06:50:37Z,156.36,restaurant,SG,False,False
txn_0000251,card_00644,2026-01-29T09:48:04Z,166.15,pharmacy,GB,False,False
txn_0000252,card_00163,2026-01-29T01:48:42Z,235.91,restaurant,DE,True,False
txn_0000253,card_00573,2026-01-04T14:14:48Z,2.26,fuel,GB,True,False
txn_0000254,card_00339,2026-01-04T03:02:37Z,39.78,entertainment,AE,False,False
txn_0000255,card_00678,2026-01-09T16:44:42Z,288.12,online_retail,SG,False,True
txn_0000256,card_00016,2026-01-25T07:01:55Z,46.11,fuel,SG,False,False
txn_0000257,card_00718,2026-01-13T07:42:15Z,36.61,electronics,AE,True,False
txn_0000258,card_00130,2026-01-18T10:58:07Z,30.85,pharmacy,DE,False,False
txn_0000259,card_00221,2026-01-29T04:54:49Z,150.22,utilities,GB,True,False
txn_0000260,card_00131,2026-01-06T17:01:26Z,49.06,grocery,IN,True,False
txn_0000261,card_00752,2026-01-18T20:14:54Z,91.73,travel,DE,False,False
txn_0000262,card_00021,2026-01-10T08:23:10Z,91.98,entertainment,DE,True,False
txn_0000263,card_00386,2026-01-25T00:32:46Z,42.01,entertainment,AE,False,False
txn_0000264,card_00378,2026-01-25T00:07:49Z,78.12,utilities,SG,False,False
txn_0000265,card_00745,2026-01-24T02:28:17Z,35.76,entertainment,US,False,False
txn_0000266,card_00580,2026-01-01T11:29:55Z,98.28,pharmacy,AE,True,False
txn_0000267,card_00352,2026-01-20T18:08:12Z,117.7,travel,AE,False,False
txn_0000268,card_00074,2026-01-09T19:43:32Z,487.53,online_retail,GB,False,False
txn_0000269,card_00465,2026-01-19T16:30:49Z,194.5,atm_withdrawal,DE,False,False
txn_0000270,card_00175,2026-01-04T06:46:51Z,82.01,utilities,DE,False,False
txn_0000271,card_00656,2026-01-11T00:33:22Z,60.23,electronics,SG,True,False
txn_0000272,card_00186,2026-01-30T15:35:13Z,179.74,grocery,US,False,False
txn_0000273,card_00527,2026-01-11T08:16:50Z,4.85,online_retail,AE,False,False
txn_0000274,card_00601,2026-01-14T23:25:55Z,17.1,restaurant,SG,True,False
txn_0000275,card_00387,2026-01-22T21:53:30Z,69.15,pharmacy,IN,False,False
txn_0000276,card_00119,2026-01-12T02:51:17Z,99.6,utilities,US,False,False
txn_0000277,card_00453,2026-01-28T09:44:07Z,9.31,restaurant,AE,True,False
txn_0000278,card_00570,2026-01-22T20:08:02Z,19.29,online_retail,GB,True,False
txn_0000279,card_00382,2026-01-26T03:50:26Z,202.56,fuel,IN,True,False
txn_0000280,card_00527,2026-01-22T05:30:54Z,214.04,restaurant,GB,True,False
txn_0000281,card_00542,2026-01-20T17:09:52Z,21.52,electronics,IN,True,False
txn_0000282,card_00134,2026-01-28T10:56:53Z,302.25,restaurant,AE,True,False
txn_0000283,card_00808,2026-01-21T06:38:36Z,62.53,electronics,GB,True,False
txn_0000284,card_00008,2026-01-06T16:22:32Z,40.79,restaurant,AE,False,False
txn_0000285,card_00811,2026-01-18T07:28:41Z,131.01,restaurant,SG,True,False
txn_0000286,card_00740,2026-01-12T11:14:25Z,42.38,grocery,US,True,False
txn_0000287,card_00243,2026-01-22T01:00:29Z,29.43,fuel,AE,True,False
txn_0000288,card_00673,2026-01-12T13:30:10Z,167.12,pharmacy,US,False,False
txn_0000289,card_00643,2026-01-09T21:18:14Z,65.1,utilities,DE,False,False
txn_0000290,card_00004,2026-01-15T15:03:50Z,106.48,utilities,IN,False,False
txn_0000291,card_00132,2026-01-04T10:10:28Z,25.0,grocery,GB,True,False
txn_0000292,card_00531,2026-01-15T14:00:25Z,31.29,electronics,IN,False,False
txn_0000293,card_00782,2026-01-05T01:03:28Z,133.92,restaurant,SG,True,False
txn_0000294,card_00520,2026-01-20T18:19:29Z,238.28,online_retail,DE,False,False
txn_0000295,card_00075,2026-01-14T03:23:40Z,17.38,restaurant,DE,True,False
txn_0000296,card_00026,2026-01-11T05:21:35Z,144.09,travel,GB,False,False
txn_0000297,card_00896,2026-01-13T08:46:01Z,258.53,restaurant,SG,True,False
txn_0000298,card_00075,2026-01-24T03:35:37Z,33.26,travel,SG,False,False
txn_0000299,card_00703,2026-01-24T20:15:28Z,48.53,online_retail,DE,False,False
txn_0000300,card_00094,2026-01-11T09:21:44Z,34.61,grocery,US,True,False
txn_0000301,card_00429,2026-01-29T22:17:58Z,167.08,grocery,AE,False,False
txn_0000302,card_00410,2026-01-07T02:46:12Z,38.91,grocery,AE,True,False
txn_0000303,card_00381,2026-01-25T23:04:46Z,170.68,utilities,DE,False,False
txn_0000304,card_00461,2026-01-24T12:11:43Z,80.0,pharmacy,AE,False,False
txn_0000305,card_00744,2026-01-05T13:03:49Z,147.75,entertainment,US,False,False
txn_0000306,card_00042,2026-01-18T04:36:39Z,20.2,entertainment,IN,True,False
txn_0000307,card_00458,2026-01-24T23:17:50Z,107.07,atm_withdrawal,IN,True,False
txn_0000308,card_00857,2026-01-25T02:39:54Z,122.52,fuel,AE,False,False
txn_0000309,card_00886,2026-01-11T07:32:49Z,90.66,travel,SG,True,False
txn_0000310,card_00450,2026-01-25T03:32:48Z,29.93,restaurant,IN,True,False
txn_0000311,card_00386,2026-01-28T08:42:59Z,23.32,grocery,IN,False,False
txn_0000312,card_00152,2026-01-30T13:35:41Z,78.19,electronics,IN,True,False
txn_0000313,card_00505,2026-01-29T11:40:38Z,71.0,utilities,SG,True,False
txn_0000314,card_00257,2026-01-25T20:45:56Z,526.36,grocery,SG,False,False
txn_0000315,card_00373,2026-01-14T07:57:02Z,18.52,utilities,US,False,False
txn_0000316,card_00617,2026-01-28T06:43:17Z,88.86,grocery,GB,False,False
txn_0000317,card_00628,2026-01-04T21:06:27Z,92.91,entertainment,AE,True,False
txn_0000318,card_00301,2026-01-19T15:28:02Z,49.03,fuel,GB,False,False
txn_0000319,card_00593,2026-01-12T13:07:26Z,46.21,entertainment,US,False,False
txn_0000320,card_00752,2026-01-09T13:42:12Z,690.24,fuel,SG,True,False
txn_0000321,card_00476,2026-01-07T06:35:37Z,61.75,pharmacy,SG,True,False
txn_0000322,card_00501,2026-01-18T20:17:56Z,14.34,entertainment,DE,True,False
txn_0000323,card_00891,2026-01-15T18:37:12Z,315.37,travel,AE,True,False
txn_0000324,card_00474,2026-01-22T02:41:44Z,12.99,utilities,IN,True,False
txn_0000325,card_00171,2026-01-15T09:27:17Z,271.27,grocery,IN,False,False
txn_0000326,card_00583,2026-01-08T00:51:46Z,692.47,grocery,SG,True,False
txn_0000327,card_00339,2026-01-21T20:15:38Z,25.46,online_retail,AE,False,False
txn_0000328,card_00199,2026-01-07T13:15:21Z,30.97,entertainment,SG,True,False
txn_0000329,card_00393,2026-01-20T04:37:14Z,151.92,atm_withdrawal,US,False,True
txn_0000330,card_00109,2026-01-16T05:26:52Z,57.5,travel,AE,True,False
txn_0000331,card_00629,2026-01-10T16:04:07Z,12.57,entertainment,GB,True,False
txn_0000332,card_00138,2026-01-25T22:26:43Z,28.66,fuel,SG,True,False
txn_0000333,card_00573,2026-01-08T03:29:36Z,101.2,fuel,IN,False,False
txn_0000334,card_00015,2026-01-16T21:16:00Z,26.29,utilities,GB,True,False
txn_0000335,card_00183,2026-01-24T14:25:12Z,97.95,utilities,AE,False,False
txn_0000336,card_00607,2026-01-23T20:36:24Z,21.52,travel,GB,True,False
txn_0000337,card_00381,2026-01-03T02:39:18Z,151.08,restaurant,GB,True,True
txn_0000338,card_00801,2026-01-01T11:27:12Z,50.6,fuel,US,True,False
txn_0000339,card_00336,2026-01-16T12:22:38Z,70.01,electronics,GB,True,False
txn_0000340,card_00336,2026-01-22T01:04:11Z,17.08,utilities,US,True,False
txn_0000341,card_00635,2026-01-28T01:41:42Z,360.11,pharmacy,GB,False,True
txn_0000342,card_00293,2026-01-09T03:54:17Z,17.35,entertainment,US,False,False
txn_0000343,card_00737,2026-01-28T00:24:26Z,85.96,online_retail,IN,False,False
txn_0000344,card_00007,2026-01-14T08:46:04Z,138.53,electronics,SG,True,False
txn_0000345,card_00015,2026-01-30T12:13:10Z,8.02,restaurant,US,True,False
txn_0000346,card_00729,2026-01-21T13:33:26Z,146.45,restaurant,SG,False,False
txn_0000347,card_00615,2026-01-07T06:58:35Z,72.53,utilities,AE,False,False
txn_0000348,card_00543,2026-01-08T23:08:56Z,159.84,travel,DE,True,False
txn_0000349,card_00714,2026-01-01T16:22:39Z,42.41,grocery,IN,True,False
txn_0000350,card_00470,2026-01-03T19:26:52Z,425.34,grocery,US,False,False
txn_0000351,card_00776,2026-01-09T05:37:54Z,110.02,atm_withdrawal,GB,False,False
txn_0000352,card_00020,2026-01-16T16:35:31Z,37.82,atm_withdrawal,SG,False,False
txn_0000353,card_00153,2026-01-25T10:17:24Z,43.77,grocery,AE,True,False
txn_0000354,card_00163,2026-01-04T01:07:21Z,30.66,travel,IN,False,False
txn_0000355,card_00023,2026-01-04T12:50:34Z,37.07,restaurant,DE,True,False
txn_0000356,card_00646,2026-01-27T18:44:52Z,39.19,entertainment,AE,False,False
txn_0000357,card_00809,2026-01-20T16:33:02Z,58.44,pharmacy,DE,True,False
txn_0000358,card_00600,2026-01-10T07:33:59Z,86.67,utilities,AE,False,False
txn_0000359,card_00864,2026-01-15T06:08:17Z,68.11,pharmacy,AE,True,False
txn_0000360,card_00391,2026-01-25T16:32:54Z,53.27,electronics,IN,True,False
txn_0000361,card_00407,2026-01-09T11:59:59Z,166.48,entertainment,DE,True,False
txn_0000362,card_00083,2026-01-20T07:20:18Z,66.03,restaurant,DE,True,False
txn_0000363,card_00019,2026-01-29T11:05:43Z,12.79,entertainment,AE,False,False
txn_0000364,card_00723,2026-01-28T21:26:59Z,14.32,fuel,US,False,False
txn_0000365,card_00052,2026-01-06T02:44:36Z,12.86,fuel,SG,False,False
txn_0000366,card_00724,2026-01-04T17:30:51Z,128.76,grocery,GB,False,True
txn_0000367,card_00084,2026-01-05T05:47:59Z,96.8,utilities,IN,False,False
txn_0000368,card_00358,2026-01-30T22:09:06Z,53.88,restaurant,SG,True,False
txn_0000369,card_00382,2026-01-15T16:46:45Z,8.64,utilities,DE,True,False
txn_0000370,card_00289,2026-01-26T03:10:20Z,215.39,electronics,DE,False,False
txn_0000371,card_00546,2026-01-14T23:51:06Z,63.73,pharmacy,SG,True,False
txn_0000372,card_00474,2026-01-05T06:52:53Z,84.46,atm_withdrawal,GB,True,False
txn_0000373,card_00420,2026-01-21T05:45:35Z,413.65,electronics,IN,True,True
txn_0000374,card_00008,2026-01-12T07:07:28Z,49.66,pharmacy,GB,True,False
txn_0000375,card_00615,2026-01-05T06:58:43Z,308.76,restaurant,SG,True,True
txn_0000376,card_00288,2026-01-02T10:10:48Z,399.36,electronics,US,False,True
txn_0000377,card_00209,2026-01-06T19:53:53Z,214.32,restaurant,AE,True,False
txn_0000378,card_00426,2026-01-26T00:32:26Z,218.9,entertainment,AE,True,False
txn_0000379,card_00087,2026-01-02T22:18:10Z,52.09,utilities,GB,True,False
txn_0000380,card_00247,2026-01-24T17:11:47Z,300.6,fuel,DE,False,False
txn_0000381,card_00249,2026-01-25T08:18:44Z,183.37,atm_withdrawal,IN,True,False
txn_0000382,card_00658,2026-01-03T16:58:36Z,123.96,travel,US,True,False
txn_0000383,card_00219,2026-01-28T20:30:48Z,73.31,pharmacy,SG,True,False
txn_0000384,card_00712,2026-01-04T02:56:37Z,63.66,online_retail,US,True,False
txn_0000385,card_00188,2026-01-18T14:15:25Z,33.67,entertainment,DE,True,False
txn_0000386,card_00539,2026-01-06T16:02:48Z,88.41,fuel,GB,True,False
txn_0000387,card_00831,2026-01-28T16:19:18Z,49.22,electronics,US,False,False
txn_0000388,card_00605,2026-01-05T07:25:37Z,14.05,pharmacy,DE,False,False
txn_0000389,card_00175,2026-01-13T17:11:32Z,24.31,fuel,GB,True,False
txn_0000390,card_00241,2026-01-27T14:40:04Z,332.63,grocery,SG,True,False
txn_0000391,card_00669,2026-01-02T12:10:16Z,59.63,electronics,AE,True,False
txn_0000392,card_00488,2026-01-20T21:03:15Z,117.54,online_retail,DE,True,False
txn_0000393,card_00159,2026-01-16T03:37:08Z,10.86,grocery,AE,True,False
txn_0000394,card_00128,2026-01-14T23:21:50Z,63.51,online_retail,DE,False,False
txn_0000395,card_00604,2026-01-27T03:43:32Z,86.98,pharmacy,SG,False,False
txn_0000396,card_00083,2026-01-20T15:49:11Z,4.48,entertainment,GB,True,False
txn_0000397,card_00664,2026-01-30T08:50:42Z,139.19,travel,GB,False,False
txn_0000398,card_00869,2026-01-19T17:12:52Z,39.37,electronics,SG,False,False
txn_0000399,card_00443,2026-01-17T01:24:46Z,50.42,fuel,SG,False,False
txn_0000400,card_00197,2026-01-14T16:13:02Z,21.26,restaurant,IN,True,False
txn_0000401,card_00679,2026-01-02T04:09:18Z,23.5,restaurant,US,True,False
txn_0000402,card_00114,2026-01-27T07:05:26Z,31.55,entertainment,IN,False,False
txn_0000403,card_00073,2026-01-29T08:31:55Z,12.09,entertainment,GB,True,False
txn_0000404,card_00657,2026-01-17T07:02:00Z,57.34,electronics,US,False,False
txn_0000405,card_00233,2026-01-30T10:38:57Z,274.74,utilities,AE,True,False
txn_0000406,card_00744,2026-01-30T14:43:24Z,23.53,restaurant,AE,True,False
txn_0000407,card_00223,2026-01-06T13:53:37Z,52.58,travel,DE,False,False
txn_0000408,card_00009,2026-01-21T17:46:15Z,57.52,pharmacy,AE,True,False
txn_0000409,card_00359,2026-01-13T23:33:16Z,17.94,travel,SG,True,False
txn_0000410,card_00019,2026-01-09T21:11:18Z,25.89,online_retail,SG,False,False
txn_0000411,card_00548,2026-01-08T01:53:57Z,85.34,restaurant,SG,True,False
txn_0000412,card_00516,2026-01-07T22:49:10Z,55.32,atm_withdrawal,IN,False,False
txn_0000413,card_00745,2026-01-03T21:48:54Z,10.59,restaurant,DE,False,False
txn_0000414,card_00261,2026-01-18T06:09:11Z,56.55,grocery,DE,False,False
txn_0000415,card_00495,2026-01-29T18:26:07Z,9.18,online_retail,GB,True,False
txn_0000416,card_00428,2026-01-09T19:54:35Z,162.09,electronics,IN,False,False
txn_0000417,card_00365,2026-01-22T00:27:08Z,19.61,utilities,IN,True,False
txn_0000418,card_00036,2026-01-21T06:48:44Z,31.5,travel,GB,True,False
txn_0000419,card_00080,2026-01-12T03:26:28Z,336.12,online_retail,US,True,True
txn_0000420,card_00302,2026-01-14T00:46:50Z,410.19,fuel,IN,True,False
txn_0000421,card_00195,2026-01-10T04:12:00Z,113.85,atm_withdrawal,GB,False,False
txn_0000422,card_00567,2026-01-16T08:57:51Z,85.74,pharmacy,IN,False,False
txn_0000423,card_00067,2026-01-16T21:47:54Z,70.65,utilities,DE,True,False
txn_0000424,card_00548,2026-01-12T19:06:26Z,45.1,fuel,SG,False,False
txn_0000425,card_00234,2026-01-20T20:52:48Z,85.52,utilities,IN,True,False
txn_0000426,card_00745,2026-01-07T16:04:14Z,134.95,pharmacy,AE,True,False
txn_0000427,card_00687,2026-01-30T16:58:46Z,65.96,pharmacy,DE,True,False
txn_0000428,card_00223,2026-01-27T20:47:53Z,20.75,pharmacy,AE,True,False
txn_0000429,card_00519,2026-01-06T18:51:52Z,64.01,entertainment,US,False,False
txn_0000430,card_00446,2026-01-22T22:26:54Z,8.96,pharmacy,US,True,False
txn_0000431,card_00888,2026-01-20T10:11:58Z,193.86,pharmacy,DE,True,False
txn_0000432,card_00797,2026-01-20T18:49:07Z,14.53,fuel,SG,True,False
txn_0000433,card_00641,2026-01-03T22:10:56Z,8.9,utilities,GB,False,False
txn_0000434,card_00259,2026-01-19T03:32:09Z,38.79,restaurant,DE,False,False
txn_0000435,card_00286,2026-01-02T05:24:32Z,14.35,utilities,SG,True,False
txn_0000436,card_00067,2026-01-18T23:36:27Z,28.24,online_retail,AE,True,False
txn_0000437,card_00124,2026-01-24T03:10:36Z,59.18,fuel,AE,True,False
txn_0000438,card_00017,2026-01-17T23:31:52Z,14.23,fuel,GB,False,False
txn_0000439,card_00097,2026-01-24T14:06:04Z,536.48,entertainment,SG,True,False
txn_0000440,card_00566,2026-01-23T08:20:02Z,16.11,grocery,SG,True,False
txn_0000441,card_00475,2026-01-09T01:26:38Z,150.67,online_retail,DE,True,False
txn_0000442,card_00825,2026-01-18T21:38:41Z,813.07,online_retail,GB,True,False
txn_0000443,card_00566,2026-01-17T17:53:23Z,1.64,electronics,AE,True,False
txn_0000444,card_00704,2026-01-09T23:55:08Z,268.22,online_retail,SG,True,False
txn_0000445,card_00164,2026-01-12T02:15:15Z,29.17,utilities,SG,True,False
txn_0000446,card_00488,2026-01-19T15:50:39Z,46.48,grocery,US,True,False
txn_0000447,card_00726,2026-01-25T11:50:01Z,17.41,travel,SG,False,False
txn_0000448,card_00124,2026-01-07T21:05:53Z,81.94,restaurant,DE,True,False
txn_0000449,card_00559,2026-01-08T19:12:01Z,4.59,electronics,IN,False,False
txn_0000450,card_00040,2026-01-24T01:56:01Z,45.23,pharmacy,DE,True,False
txn_0000451,card_00498,2026-01-16T07:12:13Z,25.56,atm_withdrawal,SG,False,False
txn_0000452,card_00663,2026-01-29T18:24:10Z,15.93,restaurant,GB,True,False
txn_0000453,card_00130,2026-01-16T07:57:19Z,179.78,pharmacy,AE,True,False
txn_0000454,card_00827,2026-01-02T10:33:30Z,50.31,entertainment,US,True,False
txn_0000455,card_00867,2026-01-29T03:53:36Z,38.36,electronics,IN,True,False
txn_0000456,card_00196,2026-01-22T09:36:27Z,6.46,grocery,IN,True,False
txn_0000457,card_00058,2026-01-25T11:25:56Z,14.37,electronics,US,True,False
txn_0000458,card_00376,2026-01-29T00:22:52Z,20.74,grocery,US,True,False
txn_0000459,card_00472,2026-01-19T05:23:32Z,62.76,travel,IN,True,False
txn_0000460,card_00455,2026-01-02T01:44:30Z,109.06,entertainment,US,False,False
txn_0000461,card_00739,2026-01-24T09:25:56Z,101.44,electronics,GB,True,False
txn_0000462,card_00032,2026-01-19T21:46:18Z,25.22,online_retail,AE,True,False
txn_0000463,card_00281,2026-01-17T00:41:05Z,272.46,online_retail,DE,False,False
txn_0000464,card_00074,2026-01-07T19:22:13Z,86.58,pharmacy,GB,True,False
txn_0000465,card_00183,2026-01-30T02:54:13Z,35.88,travel,US,False,False
txn_0000466,card_00423,2026-01-14T02:08:21Z,156.3,fuel,SG,False,False
txn_0000467,card_00702,2026-01-08T21:07:40Z,18.41,pharmacy,GB,False,False
txn_0000468,card_00257,2026-01-01T14:06:05Z,285.31,fuel,DE,False,False
txn_0000469,card_00782,2026-01-18T06:39:57Z,287.16,grocery,DE,True,False
txn_0000470,card_00438,2026-01-02T02:58:42Z,175.77,pharmacy,GB,False,False
txn_0000471,card_00702,2026-01-23T16:52:27Z,165.67,online_retail,SG,True,False
txn_0000472,card_00674,2026-01-01T09:28:31Z,35.45,travel,US,True,False
txn_0000473,card_00051,2026-01-27T08:23:55Z,30.51,entertainment,DE,True,False
txn_0000474,card_00201,2026-01-08T18:02:01Z,163.22,restaurant,IN,True,False
txn_0000475,card_00651,2026-01-21T05:01:32Z,279.61,entertainment,AE,True,False
txn_0000476,card_00774,2026-01-28T16:32:58Z,963.04,travel,GB,True,False
txn_0000477,card_00103,2026-01-30T00:07:59Z,104.74,fuel,AE,False,False
txn_0000478,card_00853,2026-01-25T01:07:22Z,204.32,electronics,AE,False,False
txn_0000479,card_00760,2026-01-03T06:11:30Z,8.22,travel,AE,True,False
txn_0000480,card_00325,2026-01-28T22:20:32Z,30.05,online_retail,SG,False,False
txn_0000481,card_00218,2026-01-28T15:16:38Z,16.41,travel,US,True,False
txn_0000482,card_00704,2026-01-09T09:30:20Z,113.69,grocery,DE,True,False
txn_0000483,card_00396,2026-01-09T19:55:53Z,103.83,grocery,DE,False,False
txn_0000484,card_00100,2026-01-21T21:59:37Z,131.12,atm_withdrawal,DE,False,False
txn_0000485,card_00732,2026-01-03T01:33:06Z,99.47,travel,GB,True,False
txn_0000486,card_00124,2026-01-16T21:52:51Z,167.35,fuel,AE,True,False
txn_0000487,card_00082,2026-01-09T04:50:27Z,42.51,travel,DE,True,False
txn_0000488,card_00162,2026-01-11T09:21:26Z,104.5,entertainment,DE,False,False
txn_0000489,card_00516,2026-01-27T23:41:08Z,11.29,fuel,DE,True,False
txn_0000490,card_00619,2026-01-30T16:06:25Z,129.68,online_retail,AE,False,False
txn_0000491,card_00685,2026-01-20T04:55:36Z,82.1,travel,DE,True,False
txn_0000492,card_00098,2026-01-11T00:44:01Z,67.04,online_retail,GB,True,False
txn_0000493,card_00829,2026-01-03T14:30:51Z,302.73,fuel,US,True,False
txn_0000494,card_00177,2026-01-13T01:43:00Z,86.91,pharmacy,DE,False,False
txn_0000495,card_00724,2026-01-27T06:58:53Z,317.66,electronics,SG,False,False
txn_0000496,card_00384,2026-01-20T15:59:55Z,28.34,atm_withdrawal,SG,False,False
txn_0000497,card_00604,2026-01-28T11:07:08Z,214.22,utilities,IN,True,False
txn_0000498,card_00255,2026-01-02T09:19:25Z,1487.47,restaurant,US,False,False
txn_0000499,card_00008,2026-01-09T07:53:57Z,92.19,travel,SG,False,False
